<?xml version="1.0" encoding="UTF-8"?>
<project-private xmlns="http://www.netbeans.org/ns/project-private/1">
    <editor-bookmarks xmlns="http://www.netbeans.org/ns/editor-bookmarks/2" lastBookmarkId="1">
        <file>
            <url>src/practicasmm/Frame.java</url>
            <bookmark id="1">
                <name/>
                <line>402</line>
                <key/>
            </bookmark>
        </file>
    </editor-bookmarks>
    <open-files xmlns="http://www.netbeans.org/ns/projectui-open-files/2">
        <group>
            <file>file:/C:/Users/Kudry/Desktop/UNI1718/SMM/Practicas/Practica/PracticaSMMPaint/src/practica/Frame.java</file>
            <file>file:/C:/Users/Kudry/Desktop/UNI1718/SMM/Practicas/Practica/PracticaSMMPaint/src/practica/VentanaInterna.java</file>
        </group>
    </open-files>
</project-private>
